customer_id,name,email,phone,city,country,signup_date
1,Holly Wilson,hannah52@santiago.net,+1-718-960-7441,West Elizabethside,Guyana,2024-07-19
2,Edward Williams,gmerritt@hardin.com,001-951-617-5288x09138,Perrymouth,Romania,2022-02-06
3,Jason Perez,andrewkline@yahoo.com,001-497-652-5595x1404,South Douglasfurt,Dominica,2024-01-09
4,Troy Smith,obean@hotmail.com,+1-754-948-3802x1142,New Vanessamouth,Gabon,2024-11-12
5,Joseph Ball,brooksgregory@bell.com,+1-058-283-0062,Kevinfort,Kazakhstan,2022-12-08
6,Stacey Cross,mcintoshelizabeth@duarte-myers.com,061.361.7074x56081,North Melanie,Algeria,2024-04-21
7,Andrew Sims,nicolesanchez@campbell.info,001-697-177-8418x46566,West Courtneyborough,Afghanistan,2020-08-27
8,Thomas Howe,hsanchez@gmail.com,+1-847-453-4659,Whitneyshire,Portugal,2023-02-03
9,Carl Chung,stevenharvey@yahoo.com,302-165-8659x285,Stevenborough,Bahamas,2023-11-29
10,Randy Anderson,andrew98@yahoo.com,8447438354,Gregorybury,French Polynesia,2025-07-20
11,William Clark,torreskatherine@franklin-martinez.info,201.064.9817x979,New Rachelmouth,Niue,2023-09-10
12,Jessica Bentley,vmalone@harris.com,001-903-459-3137x274,Paulview,Timor-Leste,2020-08-03
13,Todd Nunez,kwest@li-cameron.info,(427)444-3612,Perezfort,Peru,2024-06-07
14,Michelle Banks,alex64@hotmail.com,158.376.2649,Hannahville,India,2020-11-13
15,Robin Benson,anita35@yahoo.com,5492975403,Kelleyview,Chile,2023-05-06
16,Austin Booker,pparrish@gmail.com,904.009.9440x8117,Meganton,British Indian Ocean Territory (Chagos Archipelago),2024-04-01
17,Tracy Gonzalez,patelkristen@arnold.com,+1-148-927-4138x115,Hansenside,El Salvador,2022-07-19
18,Derrick Hayes,david46@nelson.com,001-487-107-2144x31849,Jeremyhaven,Saint Barthelemy,2022-10-16
19,Matthew Moore,hendersonmichael@yahoo.com,177-360-0174,West Dylanfort,Northern Mariana Islands,2021-05-16
20,Michael Flores,dhall@hotmail.com,351.299.7611,Port Laura,Finland,2022-04-16
21,James Johnson,joseph56@hotmail.com,001-512-741-8085x022,Davisport,Dominica,2021-09-02
22,Kathryn Burton,awilson@gmail.com,+1-190-188-7557x76501,Frankberg,Moldova,2021-05-22
23,Ryan Owens,hoovermichelle@craig-barry.com,+1-244-900-9576x2041,Stephensonton,Botswana,2024-03-09
24,Kelly Butler,ipayne@yahoo.com,894.198.6320x30250,East Jeffreymouth,Kuwait,2023-09-15
25,Dr. Elizabeth Dixon,burgessnicole@gmail.com,+1-305-961-3840,Padillafurt,Albania,2023-11-26
26,Steven Smith,johnsonanna@molina-reyes.com,718.175.6611x90181,South Adam,Algeria,2021-03-27
27,Danielle Miles,lpatel@anderson-vance.info,(833)680-5012x717,North Richard,Costa Rica,2021-09-20
28,Maxwell Thompson,xmorrison@mays.com,(120)748-7810x6773,Davisview,Korea,2022-10-01
29,Eileen Parker,watsonwilliam@gmail.com,+1-785-780-9453x9437,West Michaelmouth,Liberia,2023-10-26
30,Angela Fernandez,keithpeterson@rodriguez-acosta.com,(195)617-4645,Christymouth,Switzerland,2022-11-03
31,Jordan Marsh,petersfrederick@roman.com,336-080-5185,Port Kristen,Bermuda,2024-11-22
32,Michael Perez,brookswilliam@hotmail.com,5820526691,Amyborough,Bosnia and Herzegovina,2023-05-31
33,Steven Blevins,zmitchell@gmail.com,484-345-9717x70257,Kennedychester,Sweden,2024-02-25
34,Cody Sherman,katelynthomas@hotmail.com,(585)175-6192x490,Port Russell,Grenada,2024-09-24
35,Keith Gibson,wmiller@yahoo.com,058-279-6867,Kyleborough,British Indian Ocean Territory (Chagos Archipelago),2020-08-08
36,Sally Golden,victoriaparker@gmail.com,001-393-457-9184x667,New Robert,Reunion,2021-05-10
37,Timothy Gonzalez,sloanamy@gmail.com,001-656-893-4768x0999,North Kathryn,Mexico,2023-10-25
38,Alan Richardson,sharon40@phillips.com,(145)790-0463x10401,Alexanderburgh,Kuwait,2022-08-21
39,Karen Gray,usmith@smith.com,001-625-845-8752,Boothfurt,Bulgaria,2021-11-01
40,Catherine Gordon,zray@yahoo.com,505-811-7032x32124,West Kelly,Congo,2023-06-06
41,Kevin Vang,mjones@hernandez-long.com,(487)405-8211x93158,Roweberg,Iraq,2022-03-03
42,John Chavez,amanda56@mcfarland.com,(420)631-0007,South Nicholas,Iceland,2021-08-28
43,Jacob Brown,nruiz@yahoo.com,390-327-4875,New Alisonmouth,Kazakhstan,2022-02-05
44,Robert Walker,kramerjenny@sullivan-nelson.biz,001-079-089-3895x6408,Floresside,Saint Kitts and Nevis,2021-06-23
45,James Smith,ramosmarcus@yahoo.com,(008)042-6494x1239,Port Stacyburgh,Myanmar,2023-10-14
46,Rhonda Scott,johnathan69@hotmail.com,(643)228-9740,Lake Ryan,Morocco,2021-10-23
47,Mary Garcia,pjones@hotmail.com,118-469-8337x13084,Connerton,Togo,2023-12-30
48,John Caldwell,andrew88@yahoo.com,6975360404,South Michelle,Lesotho,2022-05-06
49,Timothy Kelly,hickmanpaul@garza.net,660.294.2123,Lake Lindaland,Peru,2022-07-28
50,Michelle Garcia,jgibbs@davidson-freeman.com,014-964-6779x2155,Andretown,Sweden,2023-05-28
51,Stuart Collins,vlawrence@mcgee-contreras.com,359-382-8258,South Sheila,Bhutan,2021-10-05
52,Phillip Graham,bryceduran@banks-thompson.com,(869)043-3165x835,South Raymouth,Vanuatu,2025-06-28
53,Mary Martinez,tnelson@shepherd.com,701-174-6066,Garymouth,Eritrea,2023-03-31
54,Alejandro Anderson,georgemurphy@mcguire.com,8286873668,Christianhaven,Israel,2023-07-14
55,Chelsea Ochoa,ksmith@gmail.com,(088)193-9314x966,North Sarah,Haiti,2024-12-24
56,William Spencer,lmartinez@yahoo.com,001-497-363-2135,West Charlesland,Brunei Darussalam,2025-02-28
57,Steven Ramsey,livingstondaniel@ramirez.com,425-197-1793,Port Michele,Uzbekistan,2023-02-03
58,Brian Baxter,hlong@walker.com,824-369-1359,Lake Cassandrashire,Korea,2021-10-31
59,Heidi Green,allenkimberly@yahoo.com,481-274-8867x86930,Yuburgh,Malaysia,2025-07-11
60,Vicki Barrett,marthalin@yahoo.com,001-286-581-2436,Walkerville,Palestinian Territory,2021-02-07
61,Leslie Wood,vanessa51@hotmail.com,+1-552-943-4767x07887,New Sabrinaton,Guyana,2021-04-09
62,Robert Kelly,rjohnson@gmail.com,(705)017-4025x1157,West Stacey,Palestinian Territory,2021-08-10
63,Deborah Rhodes,vsmith@gmail.com,(341)458-1851,North Stevenbury,Moldova,2021-02-28
64,Joan Caldwell,usolis@carter.org,789-519-1563x374,Lake Adamberg,British Indian Ocean Territory (Chagos Archipelago),2023-08-20
65,Eric Watson,rcox@parsons.net,534-478-5014,Kellyland,Oman,2025-03-19
66,Steven Garcia,lfloyd@yahoo.com,+1-143-793-1205x096,New Bryan,Liberia,2021-10-05
67,Elizabeth Camacho,heathersmith@gmail.com,977-929-2062x70277,Jennifermouth,Wallis and Futuna,2021-06-28
68,Jessica Harvey,egray@yahoo.com,+1-981-178-0185x76911,East Stacyhaven,United States Minor Outlying Islands,2024-08-23
69,Maureen Steele,leslie66@yahoo.com,+1-625-663-4983x541,Brookeshire,Austria,2022-10-16
70,Victor Taylor,nicole11@molina-sullivan.com,+1-214-960-5183x06755,Smithview,Guatemala,2025-04-01
71,Jessica Mason,katherine74@griffith.net,333.706.2422x5089,Port Jessica,Cocos (Keeling) Islands,2023-09-24
72,Michael Mclaughlin,hoodelizabeth@hotmail.com,185-065-7387x132,South Johnmouth,Gibraltar,2020-12-09
73,William Stevens,scarter@chan.com,045.082.7555x406,Ashleyfort,Central African Republic,2023-03-26
74,Steven Bowen,harriswilliam@robinson-keller.org,(540)875-9413,Port Justin,Isle of Man,2023-06-26
75,Nicole Morton,anthony80@gmail.com,625-132-1250x406,Reevesport,Sweden,2024-08-17
76,Bonnie Holmes,michele50@hotmail.com,+1-879-437-4821x731,Gonzalezshire,Reunion,2022-11-20
77,Kayla Thompson,wilsonmary@gmail.com,816.542.1438,Lake Michaelchester,Barbados,2021-10-07
78,Gina Reed,katherine89@wade-pham.info,0728514372,East Mary,Georgia,2021-08-14
79,Todd Clark,ijohnson@gmail.com,(634)693-3668x886,East Brianberg,Palestinian Territory,2022-07-20
80,Teresa Allen,justinfox@parrish.com,107.205.8745x33689,Rogerberg,Malawi,2021-03-16
81,Joe Smith,danielweiss@gmail.com,001-018-150-9124,New Jackburgh,Honduras,2024-09-06
82,Michael Chase,michael51@davis-cannon.biz,+1-114-605-2181,Carrietown,Martinique,2025-01-28
83,Carolyn Frazier,johnathanjohnston@gmail.com,077.121.2405,Kimchester,Norway,2024-04-22
84,Angela Hernandez,gwhite@rodriguez-peterson.com,876-540-7657x2417,Nelsonburgh,Iraq,2022-09-29
85,Daniel Banks,opatterson@martinez.com,+1-529-708-9598x8526,Jacksonfort,Kuwait,2023-08-05
86,Thomas Hart,berryrachel@hudson.com,+1-130-960-7178x1802,Elizabethberg,Syrian Arab Republic,2024-10-10
87,Theodore Hernandez,jennifermorales@yahoo.com,3850946624,Tuckerberg,Palau,2023-11-27
88,Robin Price,michellewhite@gregory-orozco.biz,2675798753,Westland,Monaco,2025-05-07
89,Eric Walker,kennethkennedy@hotmail.com,956-989-5838,Denisemouth,Cameroon,2025-03-29
90,David Lopez,david45@gmail.com,+1-856-305-3614x143,Lake Hannahside,Sierra Leone,2020-11-03
91,Kathryn Dodson,kristen62@larson.com,727.061.0177,North Howard,Iceland,2024-04-28
92,Albert Peters,bcarpenter@gmail.com,+1-358-388-5399,Johnsonfurt,Burundi,2023-06-12
93,Tiffany Stevens,gnelson@hotmail.com,001-108-889-5526x10752,New Rachelfurt,Taiwan,2021-07-16
94,Stacey Brown PhD,rachel02@yahoo.com,904-732-4762x702,New Sheila,Heard Island and McDonald Islands,2024-10-30
95,Tim Green,ktaylor@hotmail.com,001-323-726-8928,East Markburgh,Afghanistan,2022-10-17
96,Jamie Ramirez,qwoods@bennett-barnes.com,001-199-915-5767x7877,Jenniferview,Estonia,2023-05-28
97,Tammy Davidson,fowlerstephanie@gmail.com,001-973-870-0575x503,West Caitlin,Suriname,2021-08-10
98,Justin Booth,michelle77@nelson-howard.com,(794)797-2034x15641,Carlaville,Algeria,2023-02-24
99,Kristin Tapia,fyu@gmail.com,+1-798-548-6414x4029,Davischester,Philippines,2021-05-14
100,Jacob Davis,antonio99@mitchell.com,+1-936-293-7310,New Jessicaberg,Djibouti,2024-05-22
101,Rachel Chapman,qsalazar@matthews-ferguson.net,250-199-9834x3028,South Heather,Sudan,2024-08-18
102,Kimberly Holden,cbradley@mitchell-watson.com,+1-173-053-2627x99741,Jenniferberg,Cambodia,2022-12-30
103,David Williams,nbates@ingram.net,420-041-4410,East Calebton,Sweden,2024-01-25
104,Jesus Brown,iking@wilson.net,(649)199-0223,Lake Timothy,Peru,2022-01-27
105,Mr. Gerald Johnson,jonathanklein@gmail.com,+1-229-278-1381,South Phillip,Bermuda,2022-08-18
106,David Griffin,taraschneider@conley.com,(226)385-9808x50506,Port Matthew,Saint Pierre and Miquelon,2021-09-17
107,Deborah Brown,ccantrell@buck-kennedy.com,+1-920-046-2928,Fowlerchester,Finland,2021-12-10
108,Carla Herrera,christopherstevens@boyd.com,503.193.8011x04760,Steeleview,Cameroon,2023-05-05
109,Patricia Murphy,kelsey87@martin-richardson.com,0231528798,Maryfurt,Greece,2025-07-21
110,Debra Santos,mollythompson@yahoo.com,543-770-0696x5102,Port Melissaview,Ethiopia,2022-01-28
111,Shawn Rodriguez,marywalker@hotmail.com,710-778-6298,Brownfort,Heard Island and McDonald Islands,2023-06-04
112,Sara Taylor,nstevenson@tate-schwartz.com,6105976210,West Elizabeth,Afghanistan,2020-11-23
113,Krista Fox,gwest@hotmail.com,(320)385-8597x213,South Susan,Maldives,2024-04-11
114,Karen Fox,sanchezedwin@wagner.biz,(333)612-1286x9709,Lake Justin,Barbados,2023-01-12
115,Tina Hernandez,johnnyburnett@gilmore.com,004-747-6309,Ericaland,Uganda,2021-04-05
116,Mr. Jesus Bullock,zpowell@hotmail.com,958.581.6997,Port Roy,Ireland,2025-01-07
117,Jeffrey Mclaughlin,buckleyamber@rodriguez.com,001-490-508-7198,Glovertown,Guadeloupe,2020-08-12
118,Brad Riddle,ayalajeremiah@gmail.com,5331596169,South Rose,Solomon Islands,2021-07-28
119,Robert Mcgee,fitzpatrickderek@williams-rice.com,(527)359-6508x884,East Jasonmouth,Guyana,2023-09-25
120,Amber Campbell,qcarter@yahoo.com,(822)030-5993x03201,Christianland,Isle of Man,2020-08-12
121,Lauren Lester,autumnsanchez@jackson.net,002-125-1579,Strongfurt,Qatar,2025-02-14
122,Kathryn Barnes,colevictor@gmail.com,3129844732,Stephaniestad,Austria,2023-09-30
123,Adam Townsend,vincent20@johnson.org,001-699-183-3267x463,Tiffanyfurt,Cocos (Keeling) Islands,2021-01-23
124,Dustin Martinez,kylerocha@wong.com,836.600.2982x9039,Aprilhaven,Suriname,2021-09-26
125,Christopher Williams,carloswolf@gmail.com,810-095-2951x773,Port Matthewmouth,United States Minor Outlying Islands,2023-02-05
126,Melissa Vasquez,johnsjessica@carroll.com,858.631.6043,Port Fernando,Mayotte,2021-09-16
127,Bradley Day,hchavez@moore.info,554-418-1612x8563,North Michael,Montserrat,2021-04-20
128,Dan Crawford,ayalatommy@martinez-joseph.info,567-946-1614x4818,North Alexanderview,Montserrat,2024-11-17
129,Latasha Lopez,samanthajimenez@williams-ramirez.info,001-924-318-6191x40302,Port Gregory,Myanmar,2024-09-09
130,Keith Christensen,perezjillian@gmail.com,+1-820-314-1502x3450,West Mariaburgh,Isle of Man,2023-03-18
131,Donald Yu,georgecarpenter@caldwell.com,026.889.3892,West Kellyfurt,Serbia,2021-10-18
132,Angela Santiago,scott93@hart.com,001-813-515-0715x04664,Palmerburgh,Estonia,2021-01-23
133,Erin Chen,kayla20@reed.com,+1-524-472-9650,West Patrickburgh,Myanmar,2023-02-28
134,Richard Jones,holly65@yahoo.com,001-253-910-3032x243,New Danielle,Haiti,2021-08-18
135,Mr. Darrell Rangel,ohernandez@gmail.com,(236)948-8796x3338,Jamesborough,Central African Republic,2021-01-25
136,Thomas Johnson,stevenschmitt@jones.com,+1-418-503-1840x49196,Shepardside,Trinidad and Tobago,2020-12-27
137,Jimmy Palmer,ngoodwin@young.info,356-301-3880x42189,Hopkinsbury,Togo,2021-09-03
138,Desiree Cross,reyesjoshua@lopez.org,+1-107-896-0068x25809,South Danny,Honduras,2022-12-29
139,Dr. Dawn Schroeder,johncharles@kelley-harrison.biz,579.996.6735x21529,North Lonnieberg,Serbia,2022-04-22
140,Nancy Blair,fischermichael@hotmail.com,685.367.7521x5652,Yuton,Iceland,2021-12-31
141,Cameron Ball,patricksuarez@smith.biz,391-316-0979x2897,Whitetown,Myanmar,2024-02-26
142,Cynthia Perez,nathanieltran@turner-johnson.com,357-271-5552x790,South Christopherport,Guadeloupe,2023-05-31
143,Amanda Sanders,julierodriguez@hotmail.com,641.994.7207x73401,East Maxwellchester,Ireland,2022-10-15
144,Courtney Elliott,justinkeller@yahoo.com,5868317171,South Jessicaland,Spain,2024-01-22
145,George Marks,amanda43@hotmail.com,570.339.5090x394,Lake Chelseafort,United States Virgin Islands,2022-12-05
146,Erik Ramsey,marshkenneth@hotmail.com,679-489-0464,Lake Amymouth,Congo,2022-10-05
147,Shelley Myers,thomasbest@phelps.com,+1-698-605-0236x9717,Jessicaberg,Belarus,2021-03-20
148,Gabriel Obrien,williamsonjohn@hotmail.com,(929)547-9027,New Louisshire,Taiwan,2022-10-30
149,Tara Clark,vmorris@aguilar.org,001-463-524-6411,East Wendyville,Turks and Caicos Islands,2023-04-07
150,James Harrison,meredith00@carter.com,(401)140-1192x4761,East Jessica,Sweden,2023-08-21
151,Paula Price,coffeykyle@hotmail.com,(471)408-8327,Garciaside,Namibia,2021-11-13
152,Monica Miller,andrew94@walter-barajas.com,001-940-038-7047x363,North Katherinetown,Italy,2025-03-03
153,Troy Garcia,guerrachelsea@daniels.com,3123651893,Port Robert,Botswana,2024-04-28
154,Jennifer Cisneros,raven23@yahoo.com,622.556.7810x226,North Cathy,Jamaica,2021-04-07
155,Anthony Brown,francisronald@johnson.com,1719138441,North Tonyton,Kuwait,2021-05-14
156,Amber Lopez DVM,tnguyen@perry.com,167.713.9540x0500,West Teresa,Lithuania,2024-02-04
157,Dana Stevens MD,cookkeith@grimes.info,631-021-3905x429,East Tinahaven,Somalia,2021-07-12
158,Danny Henderson,johnsonkimberly@daniel.info,585.406.6289x34552,Hansenside,Liberia,2024-04-21
159,Robert Moore,jonathan48@mendez-brown.biz,686-563-7185x7488,Zacharyland,Reunion,2021-03-11
160,David Watts MD,jesus96@hotmail.com,9536487199,Andrewberg,Guadeloupe,2022-08-21
161,Grant Campbell,stephanielawson@phillips-cooley.com,(570)102-5763x3447,Timothyside,Trinidad and Tobago,2024-04-07
162,Pamela Thomas,lauren57@diaz-buckley.info,001-791-519-2724x678,Dillonville,Nicaragua,2023-07-22
163,Amanda Thomas,gomezjack@yahoo.com,710-793-9652x262,Lake Brian,Faroe Islands,2023-10-15
164,James Jones,caitlyn60@hotmail.com,001-618-012-8983x27027,Port Mariaborough,Israel,2022-03-06
165,Richard Thomas,wayne35@hotmail.com,353-264-5468,North Codystad,Gabon,2023-02-22
166,Diana Lee,eddieperry@gmail.com,001-410-580-5218x2517,Palmermouth,Algeria,2025-04-03
167,Justin Compton,brenda71@gmail.com,214-552-9474x234,Justinburgh,South Georgia and the South Sandwich Islands,2020-10-13
168,Amy Matthews,fostermelissa@richardson.com,+1-887-934-9598,East Kevin,Ecuador,2022-08-29
169,Denise Villegas,marshallkevin@gmail.com,(910)427-9605x383,Avilabury,Lesotho,2023-11-29
170,Pamela Wong,olivia02@lopez.biz,186-476-0946x56615,Port Benjamin,Namibia,2021-09-01
171,Mr. Raymond Poole III,bethcannon@moore-miller.com,869-599-8148,Collierchester,Cambodia,2022-02-11
172,Emily Conley,jasonthompson@fisher-matthews.net,649-316-7658,Ryanport,Northern Mariana Islands,2021-02-02
173,Jeffrey Lopez,jessicaknapp@gmail.com,+1-356-674-2200,Port Katherine,Bahrain,2020-11-23
174,Christian Rodriguez,kmoore@yahoo.com,8463705712,North Paul,Libyan Arab Jamahiriya,2022-06-19
175,Briana Wilson,edean@gmail.com,(321)515-7082x7258,Maryside,Mozambique,2021-09-29
176,Kathleen Cervantes,jlloyd@yahoo.com,001-851-178-7189x307,North Johnmouth,Guernsey,2024-11-19
177,Sabrina Herman,jessica82@ibarra-norris.com,(050)325-9298x5037,New Brettville,Timor-Leste,2022-02-22
178,Scott Gutierrez,robertmartin@hotmail.com,+1-236-617-1317,New Stanley,Vanuatu,2023-09-13
179,Brandon Floyd,nancy90@schneider.net,+1-147-083-2151,Aarontown,South Africa,2024-05-14
180,Sheri Thomas,brandon27@gmail.com,623.935.9272,West Kaitlynberg,Ethiopia,2020-12-25
181,Joshua Patterson,sanchezkim@perez.com,+1-579-332-6915x8251,Romerohaven,Ghana,2022-09-15
182,Justin Cherry,matthewvaughn@gmail.com,+1-290-086-1594x84174,Lake Aaron,Jordan,2025-07-02
183,Amber Buckley,smccarthy@scott-bryant.biz,001-227-191-2617x0239,Williammouth,Latvia,2022-05-24
184,Brian Ponce,jeremiah11@pineda-schultz.info,278.066.5246,East Justin,Palau,2024-02-18
185,Jason Beck,traciduncan@hotmail.com,001-648-040-4475x654,Lake Colton,Timor-Leste,2022-03-15
186,Kathy Holden,jonathan14@robinson.com,325.471.7175x1252,Burtonfort,Moldova,2022-02-01
187,Kristina Wheeler,morrisbrandon@quinn.com,324.478.8936x8410,Port Guyfort,Monaco,2021-08-09
188,Nicholas Hernandez,anakerr@rubio.com,847.247.3064x89326,Peterchester,Barbados,2024-04-24
189,Walter Harding,kristin61@yahoo.com,+1-880-755-4122x56480,West Rachel,Martinique,2024-10-09
190,John Yang,james59@hotmail.com,780.383.9272,North Curtis,Peru,2022-11-28
191,Chelsea Padilla,dshaw@carpenter-alexander.net,948-191-1370x04632,Danaland,Burkina Faso,2024-11-19
192,Robert Rush,bentonjoshua@allison.biz,306-210-9949x976,Gilbertland,Libyan Arab Jamahiriya,2022-08-05
193,Elizabeth Patel,bbarber@allen-fox.com,047-237-0764x4158,Spencermouth,Iraq,2021-10-27
194,Brooke Hawkins,reneepierce@porter.info,3499561868,Port Thomas,Comoros,2025-07-04
195,Henry Payne,glendamorse@gmail.com,(410)415-9040x565,Allisonfurt,Mexico,2022-06-30
196,Jeremy Fletcher,nicholsmichael@richmond.org,(061)265-0914x43681,West Cory,Guatemala,2025-06-16
197,James Wilson,mark49@garner.biz,001-351-064-2120x122,West Jill,Equatorial Guinea,2024-08-06
198,Arthur Matthews,mariah18@hotmail.com,377-110-6383,West Michaelfurt,Guinea,2025-01-28
199,Anthony Reyes,clarkjennifer@keller-lopez.com,+1-702-336-6267x921,Hollowayshire,Cambodia,2022-05-01
200,Ann Johnston,wanda91@gomez-coleman.com,500-637-3319x914,Kathrynport,Gibraltar,2021-05-23
201,Edward Lewis,lopezlindsey@mullins-pugh.org,677-011-2989x28049,South Crystal,Brazil,2023-03-20
202,Cesar Hale Jr.,richardmack@hotmail.com,404.901.8889x2616,Port Curtisstad,India,2025-01-07
203,Melanie Drake,megan51@yahoo.com,+1-496-697-1146,Bryanport,Suriname,2025-06-09
204,Nancy Hall,michael81@gmail.com,001-306-406-0485,Smithfort,Ethiopia,2024-09-09
205,Savannah Blair,taylor20@gmail.com,532-412-5805,Christopherborough,Iceland,2021-08-20
206,James Haney,martintimothy@hotmail.com,(486)623-9643,North Lisa,Lebanon,2020-08-25
207,Audrey Stevenson,juan76@cole.com,001-824-396-3300,Silvachester,Eritrea,2021-07-17
208,Tyrone Reyes,gregorywu@morales-campbell.com,(231)206-0137x0859,Garyview,Congo,2020-10-21
209,Travis Lawrence,ryanjoel@peterson-jones.com,(037)837-5754x700,Davidstad,Uzbekistan,2024-11-12
210,Amanda Graham,abrown@yahoo.com,+1-249-082-5505x64811,West Jonathanburgh,Venezuela,2023-04-25
211,Max Estes,ewingjoe@butler-kennedy.biz,001-767-936-6739,Port Nicole,Ireland,2023-06-12
212,William Evans,nicole71@hotmail.com,124-786-4297x12039,Jessicabury,Myanmar,2022-02-14
213,Shawna Watson,sarah47@johnston-mccullough.biz,382-514-4356,Brianchester,Sweden,2025-02-12
214,Stacy Walters,mccormickjames@black.biz,695-921-7964x5104,Jamesmouth,Seychelles,2022-06-04
215,Allison Travis,mendeztyler@hotmail.com,001-108-481-4118x722,Victorburgh,Cambodia,2025-01-29
216,Andrew Henderson,lopezabigail@hotmail.com,906-707-0775x2815,Jefferyfurt,Reunion,2020-12-07
217,Pamela Nash,williamslisa@mercer.com,953-342-5241x8895,New Veronica,United States Virgin Islands,2025-04-16
218,Dr. Tara Villegas,thomas34@hotmail.com,764-684-7908x1168,Reidland,Slovenia,2021-03-26
219,Christopher Clayton,kennethvelez@yahoo.com,+1-238-800-5075x153,North Matthewfurt,Haiti,2024-04-04
220,Shannon Haynes,jimmy10@gmail.com,1716933511,East Andreastad,Saint Lucia,2025-05-05
221,Victor Baird,stephaniegarcia@stephenson-smith.info,432-078-7716x53394,Martintown,Sudan,2024-02-18
222,Karen Blair,craigshane@yahoo.com,(901)632-6977x249,East Jonathan,China,2024-01-03
223,Yolanda Page,davidsonmichelle@edwards.com,+1-963-757-3356x7697,Ferrellhaven,British Virgin Islands,2023-08-06
224,Sheila Gregory,kurtcook@mooney.org,143-908-4450,North Brittneyborough,Kiribati,2022-06-01
225,Stephanie Irwin,qfernandez@yahoo.com,670-333-8054,North Ronnie,Singapore,2025-02-08
226,Robert Wright,holmesstephen@gmail.com,+1-695-254-0987,Josephport,Cyprus,2022-06-07
227,Krystal Brown,jessica94@hotmail.com,4829002686,West Karen,Slovenia,2023-10-31
228,Kevin Sullivan,sstevens@bridges-monroe.com,976.639.5573,West Janiceville,Mozambique,2022-01-16
229,Melissa Smith,scott94@hotmail.com,773-785-5266,Reedside,Saint Martin,2024-11-14
230,Kaitlyn Patterson,walkersamantha@dorsey.com,790-406-9848x63561,East Katherine,Cayman Islands,2020-09-20
231,Samuel Gallagher,sweeneylinda@green.com,292.482.2824x834,Port Lindsey,Bahamas,2022-09-07
232,Wendy Terry,qrogers@hamilton.com,(256)627-2635,Jonesville,Benin,2024-05-08
233,Christopher Levine,kellibennett@caldwell.com,(649)555-6096x03324,Melaniehaven,Wallis and Futuna,2024-04-20
234,Mike Lopez,travis63@mullins.com,(673)003-7795x62240,Jessicachester,Dominican Republic,2022-05-04
235,Joshua Pittman,lwilliams@yahoo.com,001-982-201-3315x5888,New Nichole,Ecuador,2021-12-20
236,Brittany Morris,gonzalezkatherine@yahoo.com,001-525-764-4703x2743,Elizabethport,American Samoa,2022-01-01
237,Robert Campbell,curtishannah@smith-young.com,001-490-828-3712x085,Lake Kaitlin,Netherlands Antilles,2020-11-23
238,Eric Schneider,gonzalezpaula@hotmail.com,001-065-290-5896x40151,West Virginia,Portugal,2020-11-26
239,Dawn Ramirez,tonya00@keith-moore.com,142.569.4588x345,East Douglas,Palestinian Territory,2023-01-05
240,Kimberly Rivera,harrisonjack@yahoo.com,(604)141-3839x0882,Jefferyside,United States Minor Outlying Islands,2021-12-05
241,Jennifer Hoover,crystal24@hotmail.com,001-198-050-2146x090,Coxhaven,Bahrain,2021-11-07
242,Dr. Derek Goodman,dlam@lawrence.com,(359)720-5223,Russellbury,Saint Helena,2025-02-23
243,Alexander Fisher,spowell@gmail.com,386-439-2505x7523,Jacksonburgh,Isle of Man,2023-05-21
244,Katherine Calderon,wrivera@santana-walls.info,001-134-012-9529,East Kristen,Sudan,2021-11-06
245,Ashley Lewis,jessicaroberts@hotmail.com,+1-526-487-6331x859,East Mistyside,Belgium,2022-10-30
246,Gregory Estrada,ewilliams@hall-aguirre.com,(803)841-8208,Lake Eric,Iraq,2023-05-05
247,Jaclyn Washington,kenneth90@gmail.com,001-228-321-9327,Mackhaven,Saint Martin,2022-06-06
248,David Watson,charles32@mills-swanson.info,(453)853-1766x93390,East Richardberg,Cocos (Keeling) Islands,2021-12-22
249,Daniel Horton,zbrewer@phillips.info,0825234554,Careyville,Christmas Island,2025-05-02
250,Daniel Mccall,lisa15@yahoo.com,+1-658-906-1090x3759,Wesleyland,Nigeria,2025-04-26
251,Taylor Orr,lorettahawkins@yahoo.com,0918149379,Lewismouth,Saint Lucia,2021-04-20
252,Tammy Becker,christopherwilson@wolf-rodriguez.com,001-403-223-6017,Anthonyfort,Eritrea,2023-10-05
253,James Smith,williamsrobert@yahoo.com,(467)693-1713,North Caseyberg,Montserrat,2024-01-25
254,Daniel Shea,pgarcia@yahoo.com,(748)914-4451x46512,Bergerfort,Kuwait,2024-04-16
255,Harry Roberts,leahflores@fitzpatrick.com,(327)661-0610x5539,Christophertown,Guyana,2023-04-23
256,Justin Gonzales,antoniotorres@hotmail.com,(271)538-1552,North Donnaview,Philippines,2024-06-09
257,Raymond Armstrong,kreilly@stark.com,001-694-975-6494,Stevenville,Swaziland,2023-03-26
258,Paul Mckinney,williamstafford@yahoo.com,(637)307-0302,Amandaburgh,Slovakia (Slovak Republic),2020-08-26
259,Keith Ellis,allen37@pena-robertson.biz,(505)035-0339,Stevenborough,Comoros,2021-07-19
260,Susan Porter,thompsonerin@rodriguez.info,001-621-177-6435x4125,New Jeffreyhaven,Seychelles,2022-11-16
261,Jordan Williams,hallveronica@hughes-payne.com,227.596.2227,Keithshire,Switzerland,2020-08-26
262,William Johnson,hfisher@burns-benson.com,(080)867-0199x50880,Lake Victoria,Eritrea,2023-02-12
263,Michael Williams,paulpadilla@yahoo.com,+1-666-919-7799x5682,Kevinhaven,Cote d'Ivoire,2020-09-17
264,Spencer Bates,steinthomas@flynn.org,+1-250-962-0893x9463,North Marcusborough,Austria,2023-03-17
265,Stacy Carr,jimenezchad@gmail.com,8848102887,South Brendatown,Chad,2025-04-18
266,James Shannon,evelynsmith@gmail.com,(715)577-5864,Williamsport,Comoros,2021-05-23
267,Samuel Reed,lgreene@pittman.com,322.874.3190,Rodneyfort,Lebanon,2025-02-14
268,Darren Whitaker,lisa98@moore.info,728.528.9579,New Martin,El Salvador,2024-03-02
269,Rodney Krause,martinezbrittany@hotmail.com,(118)413-0775,Johntown,Mayotte,2024-08-10
270,Matthew Richardson,vsantos@clay.com,(835)629-8453,New Terri,Saudi Arabia,2023-08-15
271,Shawn Hahn MD,victorrodriguez@brooks-li.com,870-314-4471x949,Tapiabury,Ecuador,2024-08-06
272,Jennifer Hobbs,patrick77@hotmail.com,001-929-058-9982x951,Randymouth,Saint Pierre and Miquelon,2025-06-20
273,Jenna Green,katherine66@yahoo.com,+1-121-179-9796x79231,Michaelmouth,Bangladesh,2022-11-27
274,Jennifer Grant,daniel58@nguyen.com,001-656-306-7677x36935,Ramosberg,Anguilla,2024-10-12
275,Joseph Graham,lisa69@carpenter.com,590-580-9289,Pinedaview,Kiribati,2024-07-16
276,Andrew Nunez,burgessjason@hotmail.com,629.706.9666x710,Novakland,Thailand,2021-04-05
277,Samantha Lawson,luke67@holmes.org,721.887.8999x586,Juliebury,Jersey,2020-09-27
278,Amanda Roberts,samuel11@hotmail.com,001-331-476-8866x09591,New Shannon,Cyprus,2023-06-04
279,Andrew Lewis,ericrobertson@hotmail.com,631.580.6608,Lake Melissaside,Holy See (Vatican City State),2022-04-08
280,Dr. Cristian Ford Jr.,hannahjackson@sullivan.biz,+1-416-121-6987x8219,Port Jonathan,India,2021-12-24
281,Diana Rodriguez,qmiller@hotmail.com,+1-459-605-0246x753,Lake Stuartshire,Northern Mariana Islands,2022-04-21
282,Dawn Armstrong,kthompson@thompson-jackson.info,314.510.7447x3045,Port Brittanyton,Malta,2021-07-04
283,Matthew Nguyen,timothydougherty@howard.biz,+1-892-878-7254,Port Teresastad,South Africa,2020-12-29
284,Nicole Ortiz,emma62@hotmail.com,8274448032,Elizabethton,Wallis and Futuna,2025-03-24
285,Jason Martin,smallmitchell@yahoo.com,345.981.0507x686,Maldonadostad,Ukraine,2020-11-05
286,David Castillo,allison23@gmail.com,013-681-0084x6858,Freemanberg,Seychelles,2024-05-12
287,Alexandria Gonzalez,lisa67@hotmail.com,369.687.8027,New Nicholasland,Botswana,2025-05-01
288,Steven Harrison,jordananthony@yahoo.com,001-225-744-3769,Port Rhonda,Tuvalu,2020-09-22
289,Jacob Nelson,flogan@gmail.com,897-913-1062x603,West Brandon,South Africa,2025-06-25
290,Meredith Taylor,howard39@campbell.com,(166)977-2705x35321,Adamstown,Hungary,2024-06-17
291,John Miller,huntermegan@yahoo.com,+1-735-587-8615x318,Chadfort,Cook Islands,2023-06-18
292,Julia Daniels,maxwell46@yahoo.com,523.463.2095x6512,North Timberg,Poland,2021-11-09
293,David Kennedy,elizabethmiller@schmidt.info,+1-084-111-6842x26813,Johnton,Eritrea,2020-10-20
294,Edward Smith,danielgreen@russo-jackson.info,(313)281-6558,South Danielstad,Kyrgyz Republic,2022-04-03
295,Christina Henderson,pcox@williams.com,(507)355-0648,Brianchester,Netherlands,2023-03-09
296,Frederick Pollard,dylan09@long.info,(235)497-2989x440,Nicholasstad,Bangladesh,2022-04-10
297,Jennifer Mitchell,johnsonkrystal@rodriguez.com,001-146-974-1522x41192,North Charlotte,Faroe Islands,2024-09-15
298,James Miller,psmith@gmail.com,(427)032-8534x2299,West Kristinaburgh,Burundi,2023-04-22
299,Sandy Snyder,rtrujillo@yahoo.com,334.326.8130x2351,West Michele,Malaysia,2021-12-23
300,Caleb Taylor,lyonsalexander@yahoo.com,799-366-7985,Janiceton,Germany,2023-07-26
301,Meghan Walls,melissaaguilar@glover-bowen.org,299.830.1201x3535,South Carlos,Samoa,2021-10-30
302,Joseph Casey,victoriasmith@atkins-delgado.com,528-493-3871,Port Ryan,Maldives,2025-05-09
303,Hannah Diaz,wayne45@hotmail.com,(553)874-2273,Markfurt,Ghana,2022-12-22
304,Jennifer Mckenzie,lmiller@hotmail.com,830.713.7894x430,Michaelbury,Yemen,2021-01-01
305,John Perry,yvonne93@hotmail.com,1814221128,Fordmouth,Guernsey,2024-04-02
306,Andrew Contreras III,jasonschmidt@yahoo.com,(644)447-8991,West Stevenside,Palestinian Territory,2022-12-05
307,Victor Kaiser,abigail86@west.com,001-161-334-0230x67179,Wushire,Burkina Faso,2021-08-26
308,Frederick Kelly,robertsanchez@ward.com,(346)191-2322,Fowlerfort,Portugal,2020-11-20
309,Christopher Burke,blackjames@hotmail.com,845-353-6735,Munozland,United Kingdom,2022-04-19
310,Joshua White,marcuscarlson@moses-friedman.com,+1-431-695-6304x125,Ingramville,French Polynesia,2023-10-05
311,Jonathon Montgomery,jessica32@montgomery.info,+1-240-474-8417,Kirbyton,Gibraltar,2021-02-05
312,Robin Cruz,jeremyray@gmail.com,(179)383-6319,New Keithberg,Panama,2022-04-05
313,John Jones,chase02@baird.info,001-741-388-5687x0462,Williamton,Belgium,2023-05-30
314,Sara Love,richard32@ward.biz,930.716.1710x6600,Mcguiremouth,Christmas Island,2022-04-15
315,Julie Woodard,galvarez@bond.biz,200.897.8033,Smallstad,Cook Islands,2021-09-07
316,Brandon Hernandez,ypatton@parker.biz,(749)520-1204x7453,West Shirley,Puerto Rico,2020-12-11
317,Tiffany Mays,mitchellgreen@yahoo.com,6483197969,New Bobby,Ukraine,2022-06-25
318,Thomas Archer,angelashaw@gmail.com,(898)787-4961x9986,Lisafort,Czech Republic,2021-06-20
319,Jessica Powell,francisconguyen@anderson.com,001-324-407-1715x69939,Larsonfurt,Papua New Guinea,2024-12-06
320,Mr. Daniel Grant DDS,tamaralang@gmail.com,+1-519-247-8288x698,Blevinsbury,Estonia,2024-10-09
321,Bridget Rios,logan62@gmail.com,843-587-4750x6289,Lake Jake,Saint Vincent and the Grenadines,2022-12-14
322,Jessica Smith,charleshammond@gmail.com,379.071.8844x370,East Aprilfurt,Kiribati,2023-06-11
323,Jacob King,robert78@kidd.com,3642402192,Dominiquehaven,Mauritius,2020-10-30
324,Steven Odom,jmiller@murray.com,029-156-6890x9548,Zacharychester,Guernsey,2023-09-04
325,Jessica Davis,richardsonwalter@finley.com,001-207-811-6593,South Aliciashire,Svalbard & Jan Mayen Islands,2021-06-07
326,David Martinez,michaelrodriguez@hall.info,001-688-219-5142x258,Wellschester,Albania,2025-05-15
327,Toni Burnett,charlesstewart@hotmail.com,(421)658-3711x36054,Port James,Morocco,2021-12-15
328,Dan Reeves,dennis99@hotmail.com,497-882-2596x11560,Jeffreyborough,Niue,2024-09-28
329,Gloria Watson,kempsteven@hardin.com,940-489-5732x0041,West Jennychester,Slovenia,2020-11-27
330,Joseph Davis,sethvargas@yahoo.com,472-239-9071x84016,Tuckerside,Belize,2020-08-28
331,Kristi Booker,michelleeverett@hamilton.info,320-043-2982,North Stephanie,Central African Republic,2021-01-31
332,Wayne Ray,adamjohnson@hotmail.com,(572)006-2660x87877,Port Brittany,Isle of Man,2022-12-24
333,Angel Mills,connerryan@hotmail.com,755-757-9412,Hensonfurt,Mongolia,2024-01-18
334,Derek Thomas,yshelton@webster-lawson.biz,001-018-902-0628x22248,Mcgeeville,Tokelau,2020-08-28
335,Laura Freeman,acox@flores.com,001-169-825-6270x363,West Jessicaberg,Western Sahara,2022-09-15
336,Steven Wood,ryan91@mendoza-bradshaw.com,(533)956-7861,West Zacharyland,Seychelles,2024-02-05
337,Francisco Lee,monica89@moyer.com,357.521.0548x5384,Christopherburgh,Micronesia,2024-05-14
338,Justin Wilson,zrobles@adams-johnson.com,+1-413-199-9671x0391,Whitneybury,Gambia,2022-05-18
339,Mary Harris,vkim@yahoo.com,001-736-037-7655,North Susanbury,Panama,2023-11-06
340,Christopher Bridges,tracy81@roth.com,+1-731-384-8404,Lake Connieton,Malawi,2020-12-02
341,Jody Alvarado,pamela42@yahoo.com,510.648.4072x91775,North Frank,United Arab Emirates,2021-01-04
342,Nicole Torres,williamrogers@schmitt.biz,884-187-5129x064,South Patrickburgh,Bermuda,2023-11-13
343,Julia Carter,rollinslinda@robinson.net,001-114-279-6717x251,Shawnside,United Kingdom,2024-05-24
344,Matthew Moore,julieblack@stone.com,(890)354-6112,Adkinsmouth,Australia,2022-08-04
345,Dr. Sean Cook II,williamsoto@potter-garcia.biz,+1-574-892-4059,Port Christy,Anguilla,2024-02-01
346,Edward Ferguson,taylorpatrick@yahoo.com,+1-334-391-3846x762,Lake John,China,2023-11-24
347,Kelly Kelly,phillipsmegan@hotmail.com,611-118-7606x550,Marshallfort,Jamaica,2024-06-10
348,Steven Cook,dharper@hotmail.com,654.194.2686,Lake Emily,Seychelles,2025-04-02
349,William Jackson,joshua44@jones-peters.com,729.651.5964,New Rebekahmouth,Lao People's Democratic Republic,2025-01-19
350,Rodney Moody,micheal23@hotmail.com,782-802-9482x41086,Michaelmouth,Chad,2023-10-23
351,Michelle Brown,sandra88@gmail.com,3086744237,Schmittport,South Africa,2021-03-10
352,Timothy Kim,michelestewart@allen-carrillo.info,232-856-5884x72914,Andrewport,Burundi,2022-11-22
353,Andrew Brown,frank29@knight.info,107.616.7319,South Jaredmouth,Mexico,2022-05-15
354,Brian Reed,james25@mclean-berry.com,479-424-8234x74276,Lake Danieltown,Czech Republic,2023-03-31
355,Kelly Powell,stephen09@yahoo.com,540-795-1109x851,Laurieport,Spain,2024-12-16
356,Robert Price,lgarcia@hotmail.com,6220536121,Chelsealand,Bouvet Island (Bouvetoya),2021-09-28
357,Stephanie Garcia,torresdonald@yahoo.com,001-270-099-1813x1434,Tylerburgh,Finland,2021-11-12
358,John Jones,howardweeks@hardin-stafford.net,001-856-484-0735x507,Barnesmouth,Estonia,2024-07-15
359,Ryan Price,destiny39@bradley.org,+1-069-347-1994x6352,East Zacharyfort,Falkland Islands (Malvinas),2023-01-03
360,Donna Anderson,bmccarty@gmail.com,+1-272-758-2730x08223,North Kristie,New Zealand,2024-03-26
361,Heidi Mccall,bruceflores@ramsey.org,186-350-8393x22760,Sanchezburgh,Azerbaijan,2021-08-15
362,Rebecca Hensley,vconner@hurst.com,001-922-965-7416x15191,Jasonland,Sierra Leone,2021-05-25
363,Charles Moran,fcunningham@yahoo.com,+1-405-667-5487x588,Dorseyland,Nauru,2024-07-13
364,Sandra Mckenzie,lreed@smith.com,092.447.9485x9625,Orozcoview,Martinique,2021-04-22
365,Derrick Henderson,lambjames@grant-gibbs.com,001-203-860-7388x44795,Williamton,Estonia,2024-01-09
366,Jeremy Rodriguez,rsmith@green-jones.com,630-871-7617,New Emilyside,Guatemala,2022-12-02
367,Sarah Gonzalez,gregoryjennifer@gonzales-silva.biz,001-910-524-5372x38170,Lindahaven,Madagascar,2022-07-10
368,Sheila Singh,lisaknight@yahoo.com,+1-901-037-7712x4852,Nicholasburgh,Burkina Faso,2020-08-18
369,Tammy Hernandez,sarahford@hotmail.com,+1-170-941-9058x790,Jenkinsland,China,2020-12-09
370,Patricia Cabrera,angelicagalvan@hotmail.com,001-118-321-2567x5350,Holderstad,Brazil,2022-10-17
371,Timothy Wolf,ole@yahoo.com,+1-888-700-5187x203,Kimbury,British Indian Ocean Territory (Chagos Archipelago),2021-12-17
372,Latoya Newton,alexander78@hubbard.com,001-554-913-7149,North Rodneyville,Germany,2021-05-18
373,Tina Sparks,laurameyer@hotmail.com,(240)807-9502x2805,Rickyhaven,Croatia,2023-04-13
374,Stephanie Guzman,kimberly19@larson.biz,001-060-244-5731,Calhounhaven,El Salvador,2023-08-12
375,Antonio Curtis,mariasingh@miller.biz,932-619-4193x47221,South Phillip,Poland,2022-11-29
376,Theresa Gibson,thancock@torres.com,001-249-629-1942x893,West Rebecca,Kenya,2023-07-31
377,Sarah Barnett,christianchelsey@hotmail.com,971.572.8363x771,Contrerasbury,Burundi,2022-04-30
378,Leah Jenkins,qjackson@yahoo.com,3560932138,Karinastad,Australia,2024-04-25
379,Anthony Woods,terryregina@harper.net,+1-136-070-4597x7214,Richardmouth,Heard Island and McDonald Islands,2022-04-10
380,Charlene Jones,rebeccawiley@gmail.com,001-697-127-6938,New Kimberly,Bosnia and Herzegovina,2022-10-17
381,Sarah Watkins,robertjohnson@hotmail.com,(657)292-1652x031,East Christine,Germany,2025-06-30
382,Rachel Aguilar,angelapineda@robinson.com,(457)875-3700x0271,Port Juan,Saint Martin,2021-10-22
383,Brittany Rhodes,jessica75@alvarez-brown.com,494-587-2578,North Patricia,Hungary,2020-09-24
384,Leslie Olsen,brownjoel@yahoo.com,625.218.7633x246,New Robert,Cayman Islands,2024-04-25
385,Robert Sullivan,nathaniel37@cooper.com,215-526-9249x71917,Judyburgh,Comoros,2023-08-01
386,Sean Thornton,ericpatel@thompson.com,7912883914,North Daniellehaven,Bermuda,2022-02-10
387,Angela Lamb,ymedina@gmail.com,7716792524,Port Laurie,Ghana,2025-04-17
388,Barbara King,francischristine@hotmail.com,902-523-5234,West Williamville,Bermuda,2024-12-01
389,Daniel Rogers,coreyzhang@hotmail.com,(841)279-8055,Raymondmouth,British Virgin Islands,2023-05-02
390,Patricia Mcdonald,william45@yahoo.com,+1-997-359-1687,Bakerburgh,Ecuador,2021-02-01
391,Kelsey Vaughn,troymueller@yahoo.com,597-552-5950,Danamouth,Liberia,2022-12-10
392,Stanley Brown,angelakennedy@miller.com,680-610-6327x4175,Loriport,Mexico,2025-05-12
393,Laura Bonilla,alexandra57@tucker-greene.com,497-699-5398,West Sharon,Mozambique,2022-12-04
394,Diane Allen,anthonyrichardson@li-ward.net,045-547-0297x4890,North Traci,Botswana,2022-05-18
395,Timothy Rodriguez,lopezwendy@wiggins.com,(120)071-2520,Richardville,Western Sahara,2022-09-05
396,Michelle Gallagher,urichmond@clark-parker.com,257.764.9382,South Timothy,Fiji,2024-09-18
397,Connie Oliver,morgansnyder@yahoo.com,505.867.4712,New Danielmouth,Gibraltar,2023-09-22
398,Christopher Richardson,mariocraig@smith.com,(469)619-1911,New Lisa,Wallis and Futuna,2022-08-09
399,Mark Lutz,umayer@hayes-johnson.biz,+1-153-514-6625x49439,New Kevin,Samoa,2022-03-13
400,Rebecca Perez,christina84@torres.net,036.938.9570x6722,North Matthewport,Latvia,2021-03-12
401,Jessica Taylor,javier56@yahoo.com,+1-007-547-3837,Comptonfurt,Nigeria,2022-09-30
402,Mrs. Leslie Oneal,brianna50@gmail.com,999-061-2357x70288,Jefferyfort,Singapore,2024-01-04
403,Ruth Smith,jruiz@thompson-obrien.org,196-254-7761x46117,West Brandonberg,Kenya,2022-01-04
404,Amber Mills,mosesthomas@yahoo.com,5389700937,Johnport,Greece,2023-09-27
405,Marcus Brown,hamiltonjimmy@silva-sullivan.com,(078)373-4504x6175,New Kimberly,Mayotte,2025-03-10
406,Wendy Jones,kathryn12@smith.com,275.637.3876x9145,South Stevenfort,Finland,2025-05-07
407,Angela Miller,sheliabrown@yahoo.com,(821)147-4251,Toddhaven,Colombia,2020-10-25
408,Sandra Garcia,christophermitchell@saunders.net,001-831-815-4403,Kristinaside,Botswana,2025-06-20
409,Robert Fuller,lynnsoto@chen.info,030-410-8703,Danielshire,Samoa,2022-02-26
410,Joe Moore,floresnicole@smith.com,(845)070-9027x93740,Brewerton,Gabon,2022-01-20
411,Carla Hartman,krista81@harrison-hoffman.biz,001-419-984-4080x4329,West Allen,Saint Vincent and the Grenadines,2023-10-27
412,Anthony House,kleon@alexander-wallace.net,(636)530-5316,Gilesside,Egypt,2021-11-11
413,Alicia Carpenter,jonesjames@yahoo.com,(050)310-7161x459,Lake Williamtown,Wallis and Futuna,2023-11-10
414,Gabriel Lee,craig27@parker.info,001-159-170-4958,Laurafort,Jordan,2022-08-08
415,Brittney Shelton,jameshorn@henderson.com,+1-179-572-3863x8133,Scottmouth,Panama,2022-11-05
416,Jessica Rivera,jwilliams@pruitt.biz,300.746.6681,Port Sherrimouth,Pakistan,2024-12-08
417,Zachary Bradford,brittanycalhoun@baldwin.com,070-323-1648x283,New Stephen,Zambia,2023-06-16
418,Bill Diaz,richardsonjaclyn@phillips-fuller.com,6189401578,Diazchester,Iraq,2020-10-31
419,Ryan Walters,hortega@yahoo.com,355.111.3311x9679,Josephmouth,Isle of Man,2022-12-21
420,Casey King,jessica00@yahoo.com,(634)062-8093,Annabury,Taiwan,2024-12-05
421,Chris Soto,dennis90@morrison-hickman.biz,(683)295-5006,Pennyland,Slovakia (Slovak Republic),2023-03-05
422,David Bauer,pacejohn@lopez.org,(823)085-4850x5255,Grayview,Mozambique,2021-01-16
423,Jason Holmes,dthomas@hotmail.com,440-789-5963,Port Rachel,Wallis and Futuna,2024-01-09
424,Michael Cox,lisalewis@yahoo.com,958.096.9050,Port Pamelachester,Uruguay,2025-05-15
425,David Thompson,manningmathew@hotmail.com,719-535-8850,New Kelsey,Swaziland,2020-11-15
426,Crystal Phillips,stephanie63@clark.com,1179152889,Lake Deanshire,Cape Verde,2020-12-05
427,Sara Davis,patriciathomas@reid.com,+1-974-583-8243x542,Morseville,Honduras,2024-12-29
428,Laura Turner,alexkennedy@edwards.biz,693.373.0247,Andrewsbury,Timor-Leste,2021-04-09
429,Elizabeth Townsend,brandimcmillan@yahoo.com,001-570-058-5956,Michaelborough,Belarus,2024-07-02
430,Greg Bennett,wnash@gmail.com,786-343-9552x954,Port Jeremy,Lao People's Democratic Republic,2025-03-05
431,Veronica King,mollypatterson@yahoo.com,001-970-112-4027x050,Miguelside,Greenland,2021-06-24
432,Michael Hawkins,thomasbilly@jones-martinez.com,829-641-9250x81221,Jennifermouth,Cayman Islands,2024-09-26
433,James Douglas,patrickkayla@kramer-bush.biz,763-053-0913x073,East Wendybury,Jordan,2023-08-19
434,Natasha Harris,charlesandrews@robbins-harrington.com,186.221.5227x70128,Jamesside,Solomon Islands,2021-10-23
435,Ann Smith,amy04@ross.com,001-270-925-8366,North Michelleland,Somalia,2022-04-08
436,Seth Jones,kellygibson@yahoo.com,(060)532-9333x2867,South Heatherton,Georgia,2023-02-27
437,Glenn Dunn,bsmith@dominguez.info,(381)591-2507x426,West Mariemouth,Luxembourg,2024-05-03
438,Marissa Miller,john66@davis-randolph.com,+1-393-942-6626,Nashview,Lao People's Democratic Republic,2023-03-20
439,Robin Kerr,andreagray@yahoo.com,982-103-1300x314,Floresstad,Cameroon,2023-01-29
440,Eric Rodriguez,jeremy67@yahoo.com,(757)134-6227,Smithfurt,Cyprus,2024-09-19
441,Corey Boyd,alisonhamilton@gmail.com,001-320-109-9794x4522,Jamesport,Tonga,2020-09-13
442,Molly Ballard,mortondeborah@baldwin.info,(499)078-7457x73746,East Kimberlymouth,Sudan,2024-07-01
443,Neil Baker,clairestark@richards.com,001-201-921-4851x583,East Charleshaven,Hong Kong,2023-10-24
444,Linda Smith,stewartashley@hotmail.com,755.324.1609x424,New Karentown,Saint Lucia,2024-05-30
445,Bailey Alvarez,brianawright@hotmail.com,608.627.5857,Port Jeremyfurt,Venezuela,2022-11-10
446,Mary Rodriguez,arnoldadrian@martinez.biz,768.347.0159x6486,South Lauraborough,Oman,2024-12-02
447,Eric Jenkins,grayerin@fitzgerald.biz,+1-724-963-1392x7525,Evansshire,Guyana,2023-10-02
448,Diana Nguyen,hjones@yahoo.com,+1-160-735-9015x43064,Jamesside,Saint Martin,2021-07-28
449,Robert Guzman,wcampbell@stephens-russell.org,+1-315-147-7493,New Peter,Ukraine,2023-08-06
450,Chelsea Zamora,mary98@gmail.com,+1-964-113-9151x274,Brianside,Reunion,2022-04-09
451,Anthony Williams,isabelsellers@hotmail.com,1325148668,Joshuaville,Lesotho,2021-01-04
452,Bethany Hamilton,wyattdaniel@gmail.com,+1-561-415-9377,Lake Andrew,Cook Islands,2023-07-29
453,Theresa Scott,williamstanya@yahoo.com,+1-056-542-6488x794,North Pattyton,Armenia,2024-01-03
454,Christopher Hill,jbrown@hotmail.com,(299)299-6281x690,East Melaniestad,Macao,2022-12-23
455,Amy Pennington,oporter@yahoo.com,806.283.6053x186,East Lesliefort,Poland,2021-08-16
456,Megan Hicks,hardycharles@rivera-wilcox.com,735.217.8949x864,Henrytown,Cuba,2020-11-18
457,Angela Mills,paulaboone@gmail.com,6196860373,South Darrellfurt,Greece,2022-08-16
458,Lisa Cook,cartertiffany@stanley.net,649.738.0145,Lake Coltonside,Namibia,2021-05-08
459,Brian Wyatt,richard11@yahoo.com,001-326-268-6613x883,Bridgettown,Kenya,2023-09-07
460,Charles Kim,jgarrett@mckenzie-hamilton.com,(831)108-8511x73838,Watsonburgh,Dominica,2025-07-03
461,Bonnie Osborne,henrymaria@hotmail.com,+1-944-929-9133x5359,Lake Allison,Saint Kitts and Nevis,2022-08-08
462,Monica Reeves,christopher54@gonzalez-holloway.biz,(745)839-5016,Port Juanside,Chad,2023-02-27
463,Jennifer Sharp,kimberlywalker@yahoo.com,+1-900-973-4099x605,Port Jeffrey,Mexico,2021-09-25
464,Robin Mendez,zcortez@spence-macdonald.info,+1-808-247-1737,South Amandafurt,New Caledonia,2025-06-25
465,Sylvia Robles,phillipscarol@johnson.info,(699)746-2096,Lake Priscillaburgh,Tajikistan,2021-07-04
466,Thomas Drake,xanderson@hotmail.com,001-002-611-3422x8590,East Petertown,Morocco,2025-04-14
467,Veronica Valentine,swolfe@yahoo.com,001-497-988-8622x411,Lisatown,Afghanistan,2021-09-26
468,Jose Thomas,loganmays@villanueva.com,188-771-7157,Murilloport,Uganda,2022-11-24
469,Bonnie Hill,leonkimberly@gmail.com,(460)427-0617x472,Lake Johnburgh,Pakistan,2023-06-29
470,Michael Gordon,mackenzie23@murphy.org,298-879-5044,Jamesbury,Uzbekistan,2022-10-14
471,Joseph Perez,hicksjoseph@hotmail.com,+1-789-889-9377x87282,Nataliechester,El Salvador,2023-11-09
472,Lauren Flynn,plee@hotmail.com,+1-619-113-5900,Laurahaven,Guinea,2025-01-04
473,Samuel Higgins,melissa82@yahoo.com,+1-585-731-4487,Nicholasland,Tonga,2022-10-02
474,Carol Smith,wellsrobin@stewart.info,829.354.5955x259,Cookland,Italy,2021-04-21
475,Noah Bryant,nicolerich@yahoo.com,224.042.3238x7136,South Annaland,Mexico,2023-09-30
476,Gina Scott,susan50@villanueva.com,764.637.1124x6799,Lake Nicolestad,Nauru,2022-07-24
477,Brenda Watson,cjackson@gmail.com,(495)545-8486x692,Lake Charles,South Africa,2022-12-27
478,Jordan Lynn,jennifer94@yahoo.com,(918)652-9326,North Garrett,Gambia,2024-08-28
479,Daniel Lamb,miguel04@yahoo.com,(087)024-7776x975,Lake Emilyville,Burundi,2025-02-15
480,Kimberly Clark,vargassheila@ward.com,664-864-9561x4660,South William,Guernsey,2023-02-26
481,Joel Chandler,kylesmith@black.com,5151718992,North Elizabeth,Senegal,2021-08-06
482,James Walter,alvarezstephen@barajas-moore.org,600-397-7549x657,New Johnport,French Polynesia,2024-08-01
483,Bonnie Atkins,john86@yahoo.com,001-932-772-2213x360,South Stephaniehaven,Latvia,2024-05-08
484,Karen Black,dmcdonald@gmail.com,728-966-3638x47521,Lake Brianchester,Lebanon,2024-01-08
485,Carol Edwards,frobinson@woodard-long.net,907.221.3752x4423,Port Ryanbury,Lesotho,2023-03-20
486,James Stanton,wayne77@kelly.org,853.302.8462x1579,Aguilarland,Taiwan,2023-11-10
487,Sarah Nelson,njones@gmail.com,031-789-4456x5584,Gayport,Malta,2023-05-17
488,Sarah Fields,rpatel@yahoo.com,001-598-655-2584x906,South Sandra,Isle of Man,2021-03-17
489,Shannon Hamilton,brittany69@hotmail.com,+1-128-866-0012,New Michaelland,Moldova,2022-03-27
490,Katrina Mcconnell,davispeter@williams.net,+1-903-621-6098,Philipchester,Finland,2024-04-23
491,Joshua Snyder,fred13@fowler-suarez.com,636.685.0933,Alvarezview,Switzerland,2021-07-07
492,Terry Pena,qbartlett@hotmail.com,973.978.0971,West Dennisbury,Congo,2022-10-04
493,Elizabeth Hill,dvalenzuela@gmail.com,658-249-5450x92302,Mcculloughstad,Ukraine,2022-04-03
494,Linda Smith,brandi32@yahoo.com,101.541.4165,Davidmouth,Haiti,2021-04-14
495,Brandi Lee,joseking@gordon.com,8746551040,Vincenttown,Angola,2023-05-25
496,Lucas Robinson,paulkeller@bell.com,+1-819-236-8423,Lake Henryburgh,Northern Mariana Islands,2021-12-11
497,Elizabeth Tate,bcarter@yahoo.com,(026)282-0953,Catherineport,Bermuda,2022-05-31
498,Alexander Velazquez,claygreg@gmail.com,462-716-4833,Jordanview,Somalia,2021-09-11
499,Anna Collins,laura26@morris.com,6582819971,East Jenniferland,Christmas Island,2025-07-14
500,Melissa Campos,scottjimenez@gmail.com,113.527.4361x915,North Saraberg,Saint Barthelemy,2021-08-20
